,owner,repo,release_count,language,cadence
4,akamensky,argparse,3,go,rapid+
5,alaingilbert,ogame,17,go,rapid+
29,claudiodangelis,qrcp,4,go,rapid+
95,hetznercloud,csi-driver,3,go,rapid+
105,imroc,req,52,go,rapid+
109,iotaledger,hive.go,8,go,rapid+
153,ncbi,datasets,35,go,rapid+
176,pin,tftp,2,go,rapid+
189,redhat-cop,keepalived-operator,3,go,rapid+
199,sendgrid,go-gmime,3,go,rapid+
201,sipcapture,heplify,2,go,rapid+
245,a-schild,nextcloud-java-api,2,java,rapid+
246,aaronjwood,PortAuthority,4,java,rapid+
256,akarnokd,open-ig,13,java,rapid+
266,ashald,EnvFile,3,java,rapid+
274,Azure,azure-notificationhubs-java-backend,2,java,rapid+
287,BloodyMods,ServerStarter,2,java,rapid+
289,bodar,shavenmaven,5,java,rapid+
302,codota,tabnine-intellij,48,java,rapid+
323,douglasjunior,android-simple-tooltip,2,java,rapid+
329,eclipse-jetty,eclipse-jetty-plugin,2,java,rapid+
335,ernestoyaquello,VerticalStepperForm,2,java,rapid+
339,farmerbb,Notepad,3,java,rapid+
374,HolyCityAudio,SpinCAD-Designer,3,java,rapid+
389,jenkins-infra,ircbot,9,java,rapid+
407,jenkinsci,parallel-test-executor-plugin,2,java,rapid+
442,leifeld,dna,2,java,rapid+
443,lequal,i-CodeCNES,2,java,rapid+
470,MineInAbyss,MineInAbyss,76,java,rapid+
504,palantir,gradle-graal,2,java,rapid+
515,promregator,promregator,3,java,rapid+
524,razorpay,razorpay-android-sample-app,2,java,rapid+
525,rbodziony,mcf2pdf,2,java,rapid+
550,sonar-perl,sonar-perl,3,java,rapid+
566,terasolunaorg,terasoluna-gfw,6,java,rapid+
571,tlaplus,CommunityModules,49,java,rapid+
575,turing-tech,MaterialScrollBar,6,java,rapid+
579,udesk,UdeskSDK-Android,2,java,rapid+
593,weld,weld-junit,2,java,rapid+
595,wmixvideo,nfe,24,java,rapid+
605,zapodot,embedded-ldap-junit,3,java,rapid+
614,absent1706,sqlalchemy-mixins,2,python,rapid+
618,acsone,git-aggregator,2,python,rapid+
633,adamalton,django-csp-reports,3,python,rapid+
643,aio-libs,aiomcache,2,python,rapid+
644,aio-libs,multidict,3,python,rapid+
645,aio-libs,yarl,2,python,rapid+
660,AndreMiras,pycaw,2,python,rapid+
679,aws,amazon-braket-sdk-python,55,python,rapid+
705,BoboTiG,python-mss,2,python,rapid+
712,C-Otto,rebalance-lnd,2,python,rapid+
713,C4ptainCrunch,ics.py,2,python,rapid+
721,cedricbonhomme,Stegano,2,python,rapid+
748,COEXCZ,django-translation-manager,3,python,rapid+
755,coolbho3k,manuf,2,python,rapid+
760,CSBDeep,CSBDeep,3,python,rapid+
763,cvg,Hierarchical-Localization,2,python,rapid+
775,davidfischer,requirements-parser,2,python,rapid+
797,drowe67,codec2,2,python,rapid+
806,edx,repo-tools,5,python,rapid+
808,ejulio,itemloaders,2,python,rapid+
860,gitlab.com,yade-dev_trunk,4,python,rapid+
864,godaddy,aws-okta-processor,4,python,rapid+
877,graphql-python,graphql-relay-py,5,python,rapid+
881,gssapi,mod_auth_gssapi,2,python,rapid+
888,halcy,Mastodon.py,5,python,rapid+
893,hobu,laz-perf,2,python,rapid+
905,ihabunek,toot,4,python,rapid+
908,inducer,meshpy,4,python,rapid+
926,jarekwg,django-apscheduler,2,python,rapid+
931,jazzband,django-simple-menu,3,python,rapid+
932,jazzband,django-widget-tweaks,2,python,rapid+
938,jessecooper,pyetrade,2,python,rapid+
946,JonathonReinhart,staticx,2,python,rapid+
951,jsocol,pystatsd,2,python,rapid+
963,KscSDK,ksc-sdk-python,2,python,rapid+
972,linode,linode-cli,3,python,rapid+
975,linuxmint,warpinator,2,python,rapid+
983,llvm,mlir-npcomp,340,python,rapid+
987,lofar-astron,PyBDSF,2,python,rapid+
1000,lyft,xiblint,3,python,rapid+
1019,mhammell-laboratory,tetoolkit,2,python,rapid+
1039,mosquito,aiormq,2,python,rapid+
1045,mstamy2,PyPDF2,45,python,rapid+
1061,neulab,compare-mt,2,python,rapid+
1068,nokfi,Numberjack,2,python,rapid+
1074,nschloe,meshio,9,python,rapid+
1076,nschloe,tikzplotlib,2,python,rapid+
1100,ottogroup,palladium,2,python,rapid+
1102,ovh,python-ovh,2,python,rapid+
1113,paul-nameless,tg,2,python,rapid+
1140,pyenv-win,pyenv-win,2,python,rapid+
1182,reportportal,agent-Python-RobotFramework,2,python,rapid+
1191,rocioar,flake8-django,3,python,rapid+
1204,Salamek,cron-descriptor,2,python,rapid+
1229,sharkwouter,minigalaxy,3,python,rapid+
1233,siavashk,pycpd,2,python,rapid+
1237,sippy,b2bua,3,python,rapid+
1240,skoczen,django-seo-js,2,python,rapid+
1262,stm32-rs,stm32-rs,2,python,rapid+
1338,WoLpH,numpy-stl,2,python,rapid+
1350,zach-morris,plugin.program.iagl,2,python,rapid+
1362,arirusso,ffi-coremidi,2,ruby,rapid+
1372,CocoaPods,cocoapods-downloader,4,ruby,rapid+
1373,crashtech,torque-postgresql,4,ruby,rapid+
1374,deivid-rodriguez,pry-byebug,2,ruby,rapid+
1377,digidentity,libsaml,3,ruby,rapid+
1383,dry-rb,dry-initializer,2,ruby,rapid+
1389,dry-rb,dry-struct,4,ruby,rapid+
1403,hexlet-codebattle,battle_asserts,72,ruby,rapid+
1423,mrkamel,search_cop,4,ruby,rapid+
1433,rapid7,dap,2,ruby,rapid+
1439,ruby-gnome2,ruby-gnome2,4,ruby,rapid+
1455,socketry,multipart-post,3,ruby,rapid+
1461,test-kitchen,kitchen-dokken,2,ruby,rapid+
1465,tzinfo,tzinfo,3,ruby,rapid+
2,aerospike,aerospike-client-go,12,go,rapid
7,alexellis,arkade,30,go,rapid
12,awa,go-iap,18,go,rapid
14,aws,aws-node-termination-handler,14,go,rapid
17,BESTSELLER,terraform-provider-harbor,7,go,rapid
22,buildkite,terraform-provider-buildkite,6,go,rapid
30,ClickHouse,clickhouse-go,44,go,rapid
32,cockroachdb,errors,2,go,rapid
38,cosmtrek,air,10,go,rapid
39,CosmWasm,wasmvm,13,go,rapid
50,digitalocean,godo,19,go,rapid
53,env0,terratag,14,go,rapid
55,evryfs,github-actions-runner-operator,4,go,rapid
56,falcosecurity,driverkit,15,go,rapid
60,fluxcd,terraform-provider-flux,31,go,rapid
64,GetStream,stream-chat-go,15,go,rapid
65,github,vulcanizer,8,go,rapid
67,go-co-op,gocron,12,go,rapid
69,goccy,go-json,12,go,rapid
70,gofiber,template,14,go,rapid
81,gruntwork-io,cloud-nuke,37,go,rapid
88,hashicorp,go-tfe,19,go,rapid
92,hashicorp,terraform-plugin-go,13,go,rapid
96,hetznercloud,hcloud-go,8,go,rapid
98,honeycombio,buildevents,10,go,rapid
106,incu6us,goimports-reviser,8,go,rapid
119,kintone,cli-kintone,3,go,rapid
120,kitabisa,teler,4,go,rapid
124,kubernetes,cloud-provider-vsphere,17,go,rapid
125,kubesphere,fluentbit-operator,11,go,rapid
127,labd,terraform-provider-commercetools,17,go,rapid
128,lamoda,gonkey,12,go,rapid
130,lestrrat-go,jwx,23,go,rapid
131,lovoo,goka,6,go,rapid
135,mackerelio,mkr,12,go,rapid
136,mailgun,mailgun-go,5,go,rapid
138,marcosnils,bin,8,go,rapid
140,mattermost,mattermost-cloud,25,go,rapid
141,medivhzhan,miniapp,12,go,rapid
142,minio,warp,5,go,rapid
145,mszostok,codeowners-validator,5,go,rapid
146,muesli,duf,3,go,rapid
152,nautilus,gateway,10,go,rapid
154,Netflix,weep,8,go,rapid
155,netlify,netlify-commons,19,go,rapid
156,nicklaw5,helix,12,go,rapid
158,norwoodj,helm-docs,8,go,rapid
159,oboukili,terraform-provider-argocd,16,go,rapid
160,onrik,ethrpc,2,go,rapid
161,open-telemetry,opentelemetry-operator,23,go,rapid
174,paulmach,osm,5,go,rapid
178,Praqma,helmsman,12,go,rapid
182,pusher,pusher-http-go,2,go,rapid
185,Qovery,qovery-cli,30,go,rapid
187,redbubble,yak,5,go,rapid
188,reddit,baseplate.go,9,go,rapid
194,rwynn,monstache,8,go,rapid
208,stakater,Reloader,21,go,rapid
210,tdewolff,parse,12,go,rapid
223,vbauerster,mpb,11,go,rapid
227,VictoriaMetrics,operator,21,go,rapid
231,vultr,govultr,10,go,rapid
232,webdevops,azure-devops-exporter,3,go,rapid
237,xo,usql,10,go,rapid
249,AbsaOSS,ABRiS,7,java,rapid
250,adobe,S3Mock,27,java,rapid
251,adolfintel,OpenPods,3,java,rapid
257,alfasoftware,morf,12,java,rapid
260,android,compose-samples,11,java,rapid
264,apollographql,federation-jvm,13,java,rapid
276,badbones69,Crazy-Enchantments,5,java,rapid
279,ben-gibson,GitLink,24,java,rapid
286,bitbucket.org,chochos_j8583,16,java,rapid
290,camel-tooling,camel-idea-plugin,16,java,rapid
291,camunda,camunda-bpm-graphql,4,java,rapid
294,casbin,jcasbin,24,java,rapid
295,casid,jte,12,java,rapid
297,chenenyu,Router,2,java,rapid
298,ChestShop-authors,ChestShop-3,2,java,rapid
305,coveooss,fmt-maven-plugin,6,java,rapid
306,cqfn,eo,13,java,rapid
311,davidmc24,gradle-avro-plugin,2,java,rapid
322,donbeave,graphql-java-datetime,2,java,rapid
326,EasyPost,easypost-java,13,java,rapid
328,eclipse-iofog,Agent,5,java,rapid
333,EmmyLua,EmmyLua-LanguageServer,26,java,rapid
334,enricocid,Music-Player-GO,12,java,rapid
336,espidev,ProtectionStones,4,java,rapid
340,faruktoptas,FancyShowCaseView,3,java,rapid
344,forrestguice,SuntimesWidget,14,java,rapid
346,freefair,gradle-plugins,9,java,rapid
347,freyacodes,Lavalink,5,java,rapid
350,gaborbata,jpass,6,java,rapid
353,GeorgH93,MarriageMaster,10,java,rapid
355,gessnerfl,fake-smtp-server,14,java,rapid
356,GiganticMinecraft,SeichiAssist,14,java,rapid
357,git.eclipse.org,r_emf,4,java,rapid
365,GrapheneOS,Auditor,27,java,rapid
372,HanSolo,Medusa,5,java,rapid
373,hazelcast,hazelcast-hibernate,2,java,rapid
375,hyperchain,javasdk,7,java,rapid
376,iielse,imageviewer,8,java,rapid
377,imgly,pesdk-android-demo,14,java,rapid
378,infinispan,protostream,3,java,rapid
380,infobip,mobile-messaging-sdk-android,19,java,rapid
388,jellyfin,jellyfin-androidtv,25,java,rapid
393,jenkinsci,cloudbees-folder-plugin,15,java,rapid
396,jenkinsci,embeddable-build-status-plugin,8,java,rapid
400,jenkinsci,hashicorp-vault-plugin,5,java,rapid
403,jenkinsci,kubernetes-credentials-provider-plugin,6,java,rapid
406,jenkinsci,oic-auth-plugin,4,java,rapid
409,jenkinsci,pipeline-maven-plugin,8,java,rapid
411,jenkinsci,plugin-pom,19,java,rapid
418,jenkinsci,thin-backup-plugin,4,java,rapid
421,jenkinsci,winstone,13,java,rapid
424,JetBrains,azure-devops-intellij,15,java,rapid
428,jrvansuita,PickImage,5,java,rapid
432,kangarko,Foundation,37,java,rapid
435,kezong,fat-aar-android,2,java,rapid
436,kiwigrid,helm-maven-plugin,13,java,rapid
449,liquibase,liquibase-hibernate,16,java,rapid
450,liquibase,liquibase-oracle,13,java,rapid
451,litan,kojo,8,java,rapid
462,medcl,elasticsearch-analysis-pinyin,26,java,rapid
466,melix,jmh-gradle-plugin,2,java,rapid
467,mh-,corona-warn-companion-android,9,java,rapid
468,michel-kraemer,gradle-download-task,12,java,rapid
469,microsoft,surface-duo-sdk,20,java,rapid
473,mvmike,min-cal-widget,18,java,rapid
476,NaluKit,nalu,11,java,rapid
480,nelenkov,android-backup-extractor,21,java,rapid
486,OctopusDeploy,octopus-jenkins-plugin,2,java,rapid
490,omnirom,android_packages_apps_OmniGears,11,java,rapid
495,OpticFusion1,MCAntiMalware,13,java,rapid
502,palantir,gradle-consistent-versions,6,java,rapid
506,palantir,sls-packaging,10,java,rapid
507,palantir,tritium,22,java,rapid
510,pgcodekeeper,pgcodekeeper,12,java,rapid
516,Q2104595W,CT2,26,java,rapid
518,qoomon,maven-git-versioning-extension,14,java,rapid
519,Querz,mcaselector,5,java,rapid
528,real-logic,artio,29,java,rapid
529,Red5,red5-client,9,java,rapid
530,Red5,red5-io,7,java,rapid
531,Red5,red5-server-common,7,java,rapid
532,RedisBloom,JRedisBloom,2,java,rapid
541,SecUSo,privacy-friendly-notes,10,java,rapid
544,SimpleMobileTools,Simple-File-Manager,13,java,rapid
545,SimpleMobileTools,Simple-Flashlight,12,java,rapid
546,SkytAsul,BeautyQuests,7,java,rapid
548,sofastack,sofa-common-tools,2,java,rapid
552,SpaiR,imgui-java,4,java,rapid
553,spinnaker,fiat,13,java,rapid
557,spring-projects,spring-data-keyvalue,23,java,rapid
558,spring-projects,spring-data-r2dbc,22,java,rapid
564,tangcent,easy-yapi,17,java,rapid
565,tencentyun,hadoop-cos,12,java,rapid
568,TheJeterLP,ChatEx,11,java,rapid
570,thymeleaf,thymeleaf,3,java,rapid
572,tonikelope,megabasterd,5,java,rapid
573,Trisia,ofdrw,4,java,rapid
577,typetools,annotation-tools,11,java,rapid
578,uber,h3-java,4,java,rapid
586,vimeo,vimeo-networking-java,18,java,rapid
587,visenze,visearch-sdk-android,10,java,rapid
590,WASdev,standards.jsr352.jbatch,2,java,rapid
596,wmpf,wmpf_demo_external,3,java,rapid
599,xtclang,xvm,3,java,rapid
603,yegor256,cactoos,3,java,rapid
604,ZacSweers,MoshiX,15,java,rapid
607,zengkid,SmartTomcat,11,java,rapid
609,zoff99,ToxAndroidRefImpl,23,java,rapid
615,Accruent,zoomba,21,python,rapid
620,actionless,pikaur,11,python,rapid
621,adafruit,Adafruit_Blinka,36,python,rapid
622,adafruit,Adafruit_CircuitPython_BLE,16,python,rapid
623,adafruit,Adafruit_CircuitPython_BusDevice,13,python,rapid
624,adafruit,Adafruit_CircuitPython_CircuitPlayground,14,python,rapid
625,adafruit,Adafruit_CircuitPython_Display_Text,15,python,rapid
627,adafruit,Adafruit_CircuitPython_GPS,12,python,rapid
628,adafruit,Adafruit_CircuitPython_HT16K33,15,python,rapid
629,adafruit,Adafruit_CircuitPython_RGB_Display,9,python,rapid
634,adamewing,bamsurgeon,2,python,rapid
640,agile-geoscience,welly,3,python,rapid
641,agronholm,sphinx-autodoc-typehints,21,python,rapid
646,airbrake,pybrake,11,python,rapid
652,alisaifee,flask-limiter,20,python,rapid
654,alpacahq,alpaca-trade-api-python,6,python,rapid
656,amaiya,ktrain,16,python,rapid
659,Anaconda-Platform,anaconda-project,2,python,rapid
662,ansible-collections,community.mysql,22,python,rapid
663,ansible,ansible-runner,11,python,rapid
666,AppImageCrafters,appimage-builder,5,python,rapid
678,avast,pytest-docker,2,python,rapid
687,b-jesch,plugin.video.iptv.recorder,8,python,rapid
688,Bachmann1234,diff-cover,10,python,rapid
691,baidu,BaikalDB,2,python,rapid
693,beda-software,drf-writable-nested,2,python,rapid
698,bisdn,basebox,10,python,rapid
701,blockchain,api-v1-client-python,3,python,rapid
728,Charcoal-SE,stack.chat,17,python,rapid
731,chlubba,catch22,2,python,rapid
732,chrchang,plink-ng,10,python,rapid
740,CliMA,pycles,2,python,rapid
741,cloud-bulldozer,kraken,4,python,rapid
742,cloudflare,python-cloudflare-v4,6,python,rapid
744,CMA-ES,pycma,3,python,rapid
745,codereader,DarkRadiant,8,python,rapid
746,coderholic,pyradio,21,python,rapid
747,codespell-project,codespell,3,python,rapid
753,conda-incubator,conda-lock,12,python,rapid
756,cornellius-gp,gpytorch,4,python,rapid
766,d2l-ai,d2l-book,2,python,rapid
768,DandyDev,slack-machine,11,python,rapid
773,DarklightGames,DarkestHour,17,python,rapid
774,davide-romanini,comictagger,17,python,rapid
776,deepmind,dm_control,10,python,rapid
777,dell,dell-recovery,10,python,rapid
781,dfunckt,django-rules,3,python,rapid
798,drvinceknight,Nashpy,7,python,rapid
802,earthobservations,python_dwd,38,python,rapid
803,EasyPost,easypost-python,10,python,rapid
805,edx,codejail,2,python,rapid
807,egnyte,gitlabform,15,python,rapid
814,Eomys,MoSQITo,12,python,rapid
823,etianen,django-python3-ldap,5,python,rapid
825,etianen,django-watson,2,python,rapid
826,etorth,mir2x,4,python,rapid
829,exasol,docker-db,18,python,rapid
832,facebook,fbzmq,21,python,rapid
833,Falldog,pyconcrete,3,python,rapid
834,fastavro,fastavro,12,python,rapid
844,gavinhoward,bc,15,python,rapid
845,genicam,harvesters,8,python,rapid
846,genotrance,px,13,python,rapid
847,geoalchemy,geoalchemy2,10,python,rapid
853,Giswater,giswater_qgis_plugin,15,python,rapid
856,GitGuardian,gg-shield,12,python,rapid
865,Goddard-Fortran-Ecosystem,pFUnit,12,python,rapid
866,GoogleCloudPlatform,cloud-debug-python,3,python,rapid
878,greenbone,autohooks,8,python,rapid
879,greenbone,python-gvm,7,python,rapid
883,gwik,geventhttpclient,8,python,rapid
897,IBM-Cloud,ansible-collection-ibm,10,python,rapid
900,ICB-DCM,pyABC,10,python,rapid
911,inducer,pyopencl,10,python,rapid
913,indygreg,PyOxidizer,11,python,rapid
919,inti-cmnb,kiauto,22,python,rapid
927,jazzband,django-axes,12,python,rapid
930,jazzband,django-ical,3,python,rapid
940,jewettaij,moltemplate,15,python,rapid
943,jjjchens235,bing-rewards,15,python,rapid
944,jmhale,okta-awscli,4,python,rapid
948,jplevyak,dparser,3,python,rapid
950,jsignell,dask-geopandas,7,python,rapid
952,jstasiak,python-zeroconf,11,python,rapid
954,jupyter,nbclient,16,python,rapid
955,JWock82,PyNite,15,python,rapid
956,kadalu,kadalu,11,python,rapid
957,Kautenja,gym-super-mario-bros,2,python,rapid
961,kobotoolbox,kobo-install,13,python,rapid
962,kovacsbalu,WazeRouteCalculator,2,python,rapid
966,LAMDA-NJU,Deep-Forest,2,python,rapid
969,laughingman7743,PyAthena,27,python,rapid
978,litl,backoff,7,python,rapid
981,LLNL,STAT,2,python,rapid
989,lucidrains,DALLE-pytorch,17,python,rapid
995,lukecyca,pyzabbix,3,python,rapid
996,lululxvi,deepxde,18,python,rapid
1003,machow,siuba,14,python,rapid
1006,mahenzon,aioalice,2,python,rapid
1009,martinpitt,python-dbusmock,14,python,rapid
1012,matthewwithanm,python-markdownify,9,python,rapid
1015,meeb,django-distill,5,python,rapid
1018,MGHComputationalPathology,highdicom,16,python,rapid
1021,michellab,BioSimSpace,3,python,rapid
1025,mikitex70,plantuml-markdown,9,python,rapid
1026,minio,minio-py,10,python,rapid
1029,miurahr,py7zr,16,python,rapid
1031,mkorpela,overrides,9,python,rapid
1032,mkorpela,pabot,9,python,rapid
1040,Mouse-Imaging-Centre,pydpiper,5,python,rapid
1044,msiemens,tinydb,3,python,rapid
1046,mtreinish,stestr,2,python,rapid
1048,mundialis,actinia_core,16,python,rapid
1050,nalepae,pandarallel,8,python,rapid
1060,neptune-ai,neptune-client,20,python,rapid
1066,nixys,nxs-backup,2,python,rapid
1071,noxdafox,pebble,4,python,rapid
1075,nschloe,perfplot,5,python,rapid
1077,Nukesor,pueue,12,python,rapid
1083,open-ce,open-ce,13,python,rapid
1085,open2c,bioframe,2,python,rapid
1088,OpenIPSL,OpenIPSL,3,python,rapid
1090,OpenNMT,CTranslate2,21,python,rapid
1096,oracle,oci-ansible-collection,32,python,rapid
1097,oravirt,ansible-oracle,4,python,rapid
1101,ovenwerks,studio-controls,11,python,rapid
1103,p1c2u,openapi-core,7,python,rapid
1104,PaddlePaddle,paddle2onnx,14,python,rapid
1107,pallets,itsdangerous,3,python,rapid
1108,pallets,markupsafe,2,python,rapid
1109,pandera-dev,pandera,10,python,rapid
1125,pimoroni,automation-hat,2,python,rapid
1128,Pipoline,rocket-python,4,python,rapid
1131,polygon-io,client-python,21,python,rapid
1134,pschanely,CrossHair,14,python,rapid
1136,PyCQA,flake8-bugbear,12,python,rapid
1137,PyCQA,pylint-django,4,python,rapid
1138,PyCQA,pylint,23,python,rapid
1145,pylipp,financeager,12,python,rapid
1149,pypa,trove-classifiers,15,python,rapid
1164,RadeonOpenCompute,rocminfo,11,python,rapid
1176,recurly,recurly-client-python,30,python,rapid
1181,relekang,python-semantic-release,28,python,rapid
1192,ROCm-Developer-Tools,rocprofiler,14,python,rapid
1193,ROCmSoftwarePlatform,rocBLAS,14,python,rapid
1194,ROCmSoftwarePlatform,rocRAND,13,python,rapid
1195,ROCmSoftwarePlatform,rocThrust,14,python,rapid
1198,rsheftel,pandas_market_calendars,5,python,rapid
1203,saghul,pycares,3,python,rapid
1205,salsa.debian.org,debian_iwd,11,python,rapid
1209,samuelcolvin,watchgod,15,python,rapid
1210,sarugaku,requirementslib,14,python,rapid
1211,sarugaku,vistir,8,python,rapid
1212,savoirfairelinux,num2words,2,python,rapid
1213,savoirfairelinux,opendht,14,python,rapid
1214,sbidy,pywizlight,15,python,rapid
1218,scikit-hep,mplhep,10,python,rapid
1219,scikit-hep,uproot4,13,python,rapid
1220,scikit-sparse,scikit-sparse,2,python,rapid
1228,sequitur-g2p,sequitur-g2p,2,python,rapid
1234,simonw,sqlite-utils,14,python,rapid
1238,sixohsix,twitter,3,python,rapid
1241,SkyTemple,skytemple,10,python,rapid
1248,spectralpython,spectral,2,python,rapid
1250,splunk,splunk-ansible,5,python,rapid
1257,stack-of-tasks,eigenpy,17,python,rapid
1260,stefanch,sGDML,5,python,rapid
1267,streamxstream,plugin.video.xstream,8,python,rapid
1270,sunpy,ablog,12,python,rapid
1276,Taapat,enigma2-plugin-youtube,31,python,rapid
1279,tchellomello,python-amcrest,4,python,rapid
1280,TDAmeritrade,stumpy,2,python,rapid
1299,trigg,Discover,17,python,rapid
1302,tulir,mautrix-python,45,python,rapid
1311,ubuntu-mate,mate-hud,9,python,rapid
1312,UCBerkeleySETI,turbo_seti,11,python,rapid
1313,ukBaz,python-bluezero,2,python,rapid
1318,urbanairship,python-library,2,python,rapid
1326,vimalloc,flask-jwt-extended,5,python,rapid
1332,warner,python-versioneer,4,python,rapid
1352,zarr-developers,zarr-python,10,python,rapid
1353,zengbin93,czsc,23,python,rapid
1356,zhelyabuzhsky,stockfish,8,python,rapid
1357,zhmcclient,python-zhmcclient,11,python,rapid
1366,brainopia,sidekiq-limit_fetch,4,ruby,rapid
1368,chocoby,jp_prefecture,2,ruby,rapid
1369,cloudfoundry-incubator,bosh-openstack-cpi-release,5,ruby,rapid
1370,cloudfoundry,capi-release,18,ruby,rapid
1371,cloudfoundry,cf-uaa-lib,3,ruby,rapid
1381,dry-rb,dry-core,5,ruby,rapid
1382,dry-rb,dry-effects,3,ruby,rapid
1384,dry-rb,dry-logic,2,ruby,rapid
1385,dry-rb,dry-monads,2,ruby,rapid
1386,dry-rb,dry-monitor,7,ruby,rapid
1388,dry-rb,dry-schema,17,ruby,rapid
1391,dry-rb,dry-transaction,2,ruby,rapid
1392,dry-rb,dry-types,3,ruby,rapid
1393,EasyPost,easypost-ruby,15,ruby,rapid
1396,evanphx,benchmark-ips,2,ruby,rapid
1406,joeyates,imap-backup,6,ruby,rapid
1408,karafka,karafka,25,ruby,rapid
1413,leandromoreira,redlock-rb,3,ruby,rapid
1414,lifull-dev,bucky-core,9,ruby,rapid
1415,lob,lob-ruby,2,ruby,rapid
1426,oivoodoo,devise_masquerade,3,ruby,rapid
1435,ResultadosDigitais,rdstation-ruby-client,3,ruby,rapid
1436,riemann,riemann-tools,8,ruby,rapid
1437,rom-rb,rom-sql,2,ruby,rapid
1438,rubocop-hq,rubocop-rspec,14,ruby,rapid
1440,ruby2d,ruby2d,2,ruby,rapid
1441,ruby,curses,3,ruby,rapid
1452,Shopify,rubocop-sorbet,6,ruby,rapid
1453,Shopify,tapioca,20,ruby,rapid
1459,sparklemotion,sqlite3-ruby,5,ruby,rapid
1462,testdouble,standard,7,ruby,rapid
1464,toshimaru,rubocop-rails_config,18,ruby,rapid
1467,webtranslateit,webtranslateit,9,ruby,rapid
1469,XeroAPI,xero-ruby,11,ruby,rapid
0,achannarasappa,ticker,5,go,modern
1,adjust,rmq,5,go,modern
3,airbrake,gobrake,6,go,modern
6,AlecAivazis,survey,4,go,modern
8,aliyun,aliyun-tablestore-go-sdk,3,go,modern
16,bep,s3deploy,4,go,modern
18,bmaupin,go-epub,4,go,modern
21,buchgr,bazel-remote,6,go,modern
25,C2FO,vfs,8,go,modern
26,caddyserver,certmagic,7,go,modern
27,canonical,dqlite,4,go,modern
31,cloudevents,sdk-go,5,go,modern
35,containerd,continuity,2,go,modern
36,containers,ocicrypt,4,go,modern
40,cri-o,ocicni,3,go,modern
41,cristalhq,jwt,4,go,modern
42,cycloidio,terracognita,4,go,modern
43,d5,tengo,8,go,modern
44,danielpacak,harbor-scanner-trivy,7,go,modern
45,DataDog,datadog-go,2,go,modern
46,DataDog,sketches-go,3,go,modern
47,DataDog,zstd,3,go,modern
48,decred,decred-binaries,5,go,modern
49,diamondburned,arikawa,2,go,modern
52,emersion,hydroxide,3,go,modern
54,esimov,caire,5,go,modern
57,falcosecurity,falcosidekick,2,go,modern
58,fasthttp,session,11,go,modern
59,flant,addon-operator,3,go,modern
62,FuzzyStatic,blizzard,3,go,modern
63,georgysavva,scany,6,go,modern
66,gliderlabs,sigil,3,go,modern
68,go-zeromq,zmq4,3,go,modern
74,google,go-licenses,9,go,modern
75,gookit,color,2,go,modern
76,gookit,validate,9,go,modern
77,goproxy,goproxy,3,go,modern
78,gorgonia,tensor,3,go,modern
79,gravitational,trace,3,go,modern
80,grpc-ecosystem,grpc-health-probe,8,go,modern
83,gruntwork-io,kubergrunt,5,go,modern
84,guonaihong,gout,4,go,modern
87,hashicorp,go-getter,6,go,modern
89,hashicorp,go-version,3,go,modern
90,hashicorp,memberlist,4,go,modern
91,hashicorp,secrets-store-csi-driver-provider-vault,5,go,modern
93,heetch,avro,5,go,modern
94,hellofresh,health-go,3,go,modern
97,honeycombio,beeline-go,10,go,modern
99,huacnlee,gobackup,3,go,modern
100,huandu,go-sqlbuilder,4,go,modern
101,hyperjumptech,grule-rule-engine,3,go,modern
102,ianlopshire,go-fixedwidth,5,go,modern
103,IBM-Cloud,go-etcd-rules,5,go,modern
104,IBM,portieris,7,go,modern
107,influxdata,influxdb-client-go,10,go,modern
110,ivaaaan,smug,8,go,modern
111,jhillyerd,enmime,4,go,modern
113,johnfercher,maroto,5,go,modern
115,k14s,kbld,4,go,modern
116,kayac,go-katsubushi,5,go,modern
117,keikoproj,active-monitor,4,go,modern
118,keikoproj,upgrade-manager,2,go,modern
121,klauspost,reedsolomon,5,go,modern
122,kovetskiy,mark,5,go,modern
126,kudobuilder,kuttl,5,go,modern
132,lyft,gostats,5,go,modern
134,mackerelio,mackerel-client-go,4,go,modern
137,mailjet,mailjet-apiv3-go,3,go,modern
139,markus-wa,demoinfocs-golang,9,go,modern
143,MixinNetwork,bot-api-go-client,3,go,modern
144,motemen,gore,2,go,modern
147,muesli,termenv,4,go,modern
151,nanomsg,mangos,3,go,modern
157,noqcks,gucci,4,go,modern
162,openconfig,goyang,4,go,modern
163,openfaas,faas-provider,6,go,modern
168,packethost,packet-ccm,5,go,modern
171,palantir,go-githubapp,7,go,modern
172,PaloAltoNetworks,pango,2,go,modern
179,prisma,prisma-client-go,6,go,modern
180,projectdiscovery,dnsx,4,go,modern
181,projectdiscovery,naabu,6,go,modern
183,qiniu,qmgo,8,go,modern
184,qiniu,qshell,4,go,modern
186,quasilyte,go-ruleguard,3,go,modern
190,riferrei,srclient,4,go,modern
191,rikatz,kubepug,3,go,modern
192,roots,trellis-cli,8,go,modern
193,rsocket,rsocket-go,3,go,modern
195,savsgio,atreugo,9,go,modern
196,schollz,progressbar,8,go,modern
200,SevereCloud,vksdk,6,go,modern
202,skupperproject,skupper,8,go,modern
203,sky-uk,osprey,4,go,modern
204,socialpoint-labs,bsk,3,go,modern
205,softlayer,softlayer-go,2,go,modern
207,stakater,Konfigurator,3,go,modern
211,tencentyun,cos-go-sdk-v5,7,go,modern
212,terra-farm,terraform-provider-xenorchestra,4,go,modern
213,testcontainers,testcontainers-go,4,go,modern
214,tetratelabs,proxy-wasm-go-sdk,4,go,modern
215,timescale,timescaledb-tune,4,go,modern
217,tulir,mautrix-whatsapp,11,go,modern
218,TykTechnologies,tyk-identity-broker,4,go,modern
219,uber-go,fx,5,go,modern
221,unidoc,unioffice,6,go,modern
222,upper,db,6,go,modern
226,vesoft-inc,nebula-importer,3,go,modern
228,Virtomize,confluence-go-api,4,go,modern
233,webdevops,azure-resourcemanager-exporter,8,go,modern
234,willf,bitset,6,go,modern
235,willf,bloom,3,go,modern
238,ybbus,jsonrpc,3,go,modern
239,zalando-incubator,es-operator,2,go,modern
240,zeebe-io,zeeqs,5,go,modern
241,zmb3,spotify,3,go,modern
242,zricethezav,go-tdameritrade,4,go,modern
243,3dcitydb,importer-exporter,4,java,modern
247,abapGit,ADT_Frontend,3,java,modern
254,aidenlab,Juicebox,6,java,modern
258,alibaba,jetcache,8,java,modern
259,aliyun,aliyun-odps-jdbc,7,java,modern
261,apache,maven-indexer,5,java,modern
265,artipie,http,6,java,modern
267,AsteroidOS,AsteroidOSSync,4,java,modern
268,ata4,bspsrc,2,java,modern
269,Auxilor,EcoEnchants,6,java,modern
270,awslabs,amazon-kinesis-client,5,java,modern
273,Azure,azure-functions-java-library,5,java,modern
275,badbones69,Crazy-Crates,6,java,modern
277,BasicAirData,GPSLogger,9,java,modern
278,Batix,rundeck-ansible-plugin,4,java,modern
282,billthefarmer,currency,8,java,modern
283,billthefarmer,editor,10,java,modern
285,billthefarmer,tuner,4,java,modern
288,bobbylight,AutoComplete,4,java,modern
292,canhub,android-image-cropper,9,java,modern
293,carueda,tscfg,5,java,modern
296,checkstyle,sonar-checkstyle,10,java,modern
299,ClearControl,DockFX,5,java,modern
300,cloudinary,cloudinary_android,4,java,modern
301,coder111111,rotp-public,4,java,modern
303,confluentinc,parallel-consumer,7,java,modern
307,CryptoMorin,XSeries,8,java,modern
308,CyberSource,cybersource-sdk-java,2,java,modern
312,davidmoten,rtree,2,java,modern
314,decorators-squad,eo-yaml,8,java,modern
315,developersu,ns-usbloader,2,java,modern
316,diennea,blazingcache,5,java,modern
317,dieselpoint,norm,2,java,modern
318,Dimezis,BlurView,4,java,modern
319,dlsc-software-consulting-gmbh,PreferencesFX,4,java,modern
321,documents4j,documents4j,2,java,modern
325,easefun,polyv-android-sdk-2.0-demo,6,java,modern
327,eclipse-ee4j,cdi,2,java,modern
331,eclipse,lsp4j,7,java,modern
337,etiennestuder,gradle-jooq-plugin,4,java,modern
338,evotor,integration-library,3,java,modern
341,ferortega,cf4j,6,java,modern
342,FISCO-BCOS,console,9,java,modern
345,fppt,jedis-mock,5,java,modern
348,fvarrui,JavaPackager,5,java,modern
354,GeorgH93,Minepacks,5,java,modern
358,gluonhq,client-maven-plugin,6,java,modern
360,gocd,kubernetes-elastic-agents,5,java,modern
362,GoogleCloudPlatform,app-gradle-plugin,3,java,modern
363,goshippo,shippo-java-client,2,java,modern
364,gradle,test-retry-gradle-plugin,3,java,modern
366,graphql-java,graphql-java-extended-validation,4,java,modern
367,graphql-java,java-dataloader,4,java,modern
371,haiwen,seadroid,5,java,modern
379,infinum,android_dbinspector,5,java,modern
383,iyzico,iyzipay-java,4,java,modern
384,java9-modularity,gradle-modules-plugin,2,java,modern
390,jenkinsci,artifact-manager-s3-plugin,4,java,modern
391,jenkinsci,branch-api-plugin,4,java,modern
392,jenkinsci,checks-api-plugin,4,java,modern
394,jenkinsci,crowd2-plugin,5,java,modern
397,jenkinsci,envinject-plugin,6,java,modern
398,jenkinsci,gitlab-oauth-plugin,4,java,modern
402,jenkinsci,ircbot-plugin,6,java,modern
404,jenkinsci,mailer-plugin,5,java,modern
405,jenkinsci,metrics-plugin,7,java,modern
410,jenkinsci,pipeline-utility-steps-plugin,7,java,modern
413,jenkinsci,prometheus-plugin,2,java,modern
414,jenkinsci,promoted-builds-plugin,5,java,modern
415,jenkinsci,rocketchatnotifier-plugin,3,java,modern
416,jenkinsci,stashnotifier-plugin,4,java,modern
417,jenkinsci,swarm-plugin,8,java,modern
419,jenkinsci,throttle-concurrent-builds-plugin,4,java,modern
420,jenkinsci,windows-azure-storage-plugin,6,java,modern
422,jenkinsci,xunit-plugin,3,java,modern
423,JetBrains-Research,RefactorInsight,5,java,modern
425,jiaqi,jmxterm,2,java,modern
427,jmstoolbox,jmstoolbox,4,java,modern
430,julianpeeters,avrohugger,5,java,modern
431,kagkarlsson,db-scheduler,7,java,modern
434,KennyTV,Maintenance,2,java,modern
438,Kotlin,kotlinx-lincheck,2,java,modern
439,KronicDeth,intellij-elixir,8,java,modern
440,KyoriPowered,adventure-platform,3,java,modern
444,libraryaddict,LibsDisguises,4,java,modern
446,lihaoyi,acyclic,6,java,modern
447,Lihuanghe,SMSGate,3,java,modern
448,linkedin,LiTr,7,java,modern
454,m2049r,xmrwallet,5,java,modern
456,Mangopay,mangopay2-java-sdk,7,java,modern
458,MarcGiffing,bucket4j-spring-boot-starter,2,java,modern
459,marianobarrios,tls-channel,3,java,modern
460,markusfisch,ShaderEditor,6,java,modern
461,mathisdt,trackworktime,9,java,modern
463,MegaMek,megameklab,4,java,modern
464,MegaMek,megamek,4,java,modern
465,MegaMek,mekhq,4,java,modern
471,mkulesh,microMathematics,2,java,modern
472,MSGFPlus,msgfplus,3,java,modern
474,mvndaemon,mvnd,3,java,modern
475,nacos-group,nacos-docker,7,java,modern
481,Netcentric,accesscontroltool,3,java,modern
483,nguyenq,tess4j,7,java,modern
484,nutritionfactsorg,daily-dozen-android,3,java,modern
487,OctopusDeploy,Octopus-TeamCity,4,java,modern
489,odrotbohm,moduliths,3,java,modern
492,openjfx,javafx-gradle-plugin,3,java,modern
494,openmessaging,openmessaging-storage-dledger,8,java,modern
496,oracle,weblogic-image-tool,8,java,modern
497,oripa,oripa,4,java,modern
499,ozlerhakan,poiji,4,java,modern
503,palantir,gradle-git-version,3,java,modern
509,pbreault,adb-idea,4,java,modern
511,pgjdbc,r2dbc-postgresql,8,java,modern
512,pili-engineering,PLDroidMediaStreaming,3,java,modern
513,pivotal-cf,spring-cloud-services-starters,7,java,modern
517,qiniu,happy-dns-android,3,java,modern
521,r2dbc,r2dbc-pool,5,java,modern
522,r2dbc,r2dbc-spi,2,java,modern
523,rabbitmq,rabbitmq-jms-client,5,java,modern
526,reactor,reactor-kafka,6,java,modern
527,real-logic,agrona,6,java,modern
535,requery,sqlite-android,6,java,modern
536,resteasy,resteasy-spring-boot,5,java,modern
538,rundeck,rundeck-cli,7,java,modern
539,scalafx,scalafx,4,java,modern
540,schxslt,schxslt,6,java,modern
543,SimpleMobileTools,Simple-Draw,10,java,modern
547,sofastack,sofa-ark,4,java,modern
549,sofastack,sofa-jraft,4,java,modern
551,sonatype-nexus-community,scan-gradle-plugin,8,java,modern
554,splunk,splunk-library-javalogging,3,java,modern
555,spotify,dbeam,5,java,modern
559,spring-projects,spring-retry,4,java,modern
560,srikanth-lingala,zip4j,4,java,modern
561,SteelBridgeLabs,neo4j-gremlin-bolt,6,java,modern
562,stefvanschie,IF,4,java,modern
563,Steveice10,MCProtocolLib,3,java,modern
567,theia-ide,yang-lsp,6,java,modern
569,thetwom,toc2,6,java,modern
574,tschuchortdev,kotlin-compile-testing,2,java,modern
580,vackosar,gitflow-incremental-builder,5,java,modern
582,vanniktech,gradle-maven-publish-plugin,4,java,modern
583,vanniktech,lint-rules,5,java,modern
584,vanniktech,RxPermission,3,java,modern
588,vladimir-bukhtoyarov,bucket4j,8,java,modern
589,Vungle,Android-SDK,4,java,modern
591,WaterdogPE,WaterdogPE,9,java,modern
592,wealthfront,magellan,4,java,modern
598,wordpress-mobile,AztecEditor-Android,9,java,modern
600,y20k,escapepod,2,java,modern
602,yangzongzhuan,RuoYi-Vue-Oracle,3,java,modern
610,2gis,k8s-handle,2,python,modern
611,3YOURMIND,django-migration-linter,2,python,modern
613,abseil,abseil-py,3,python,modern
616,AcidWeb,CurseBreaker,10,python,modern
617,acsone,bobtemplates.odoo,6,python,modern
619,acsone,setuptools-odoo,11,python,modern
626,adafruit,Adafruit_CircuitPython_DotStar,8,python,modern
630,adafruit,Adafruit_CircuitPython_SSD1306,9,python,modern
631,adafruit,adafruit_micropython_neopixel,9,python,modern
632,adafruit,tinyuf2,10,python,modern
635,adamreeve,npTDMS,2,python,modern
636,adamrehn,ue4-docker,8,python,modern
637,adobe,himl,4,python,modern
638,aerospike,aerospike-client-python,6,python,modern
642,ahmedfgad,GeneticAlgorithmPython,4,python,modern
647,aiven,aiven-client,5,python,modern
648,akaihola,darker,5,python,modern
649,alexandreborges,malwoverview,5,python,modern
650,alexis-mignon,python-flickr-api,2,python,modern
653,AliveTeam,alive_reversing,4,python,modern
655,alphacsc,alphacsc,4,python,modern
661,ansible-collections,community.digitalocean,9,python,modern
665,apache,incubator-datasketches-cpp,3,python,modern
668,arrrlo,Google-Images-Search,4,python,modern
669,asteroid-team,torch-audiomentations,3,python,modern
673,atcollab,at,4,python,modern
675,atlassian-api,atlassian-python-api,11,python,modern
676,autonomio,talos,3,python,modern
677,autoreject,autoreject,5,python,modern
680,aws,amazon-redshift-python-driver,7,python,modern
681,aws,sagemaker-inference-toolkit,8,python,modern
682,aws,sagemaker-pytorch-inference-toolkit,5,python,modern
683,aws,sagemaker-tensorflow-extensions,7,python,modern
685,AzureAD,microsoft-authentication-library-for-python,4,python,modern
686,Azure,azure-functions-python-library,6,python,modern
689,Backblaze,B2_Command_Line_Tool,5,python,modern
690,BackofenLab,IntaRNA,4,python,modern
694,benediktschmitt,py-filelock,6,python,modern
696,biocore,unifrac,4,python,modern
697,bioinform,somaticseq,4,python,modern
699,bitfinexcom,bitfinex-api-py,5,python,modern
702,Blockstream,satellite,3,python,modern
703,blue-yonder,sqlalchemy_exasol,5,python,modern
704,blueman-project,blueman,8,python,modern
706,Bogdanp,dramatiq,3,python,modern
707,bootphon,phonemizer,3,python,modern
709,bpython,curtsies,2,python,modern
711,BritishGeologicalSurvey,etlhelper,8,python,modern
714,CamDavidsonPilon,lifelines,5,python,modern
716,canonical,operator,6,python,modern
719,cbrnr,mnelab,6,python,modern
722,celery,billiard,3,python,modern
723,celery,django-celery-results,3,python,modern
724,celery,py-amqp,2,python,modern
725,censys,censys-python,9,python,modern
727,chanzuckerberg,miniwdl,9,python,modern
729,CheckPointSW,ExportImportPolicyPackage,8,python,modern
735,ckan,ckanext-xloader,3,python,modern
738,Clarifai,clarifai-python-grpc,5,python,modern
739,climate-processes,tobac,6,python,modern
750,coleifer,walrus,3,python,modern
751,cole,aiosmtplib,2,python,modern
752,conan-io,conan-package-tools,3,python,modern
758,crytic,building-secure-contracts,2,python,modern
759,cs50,python-cs50,7,python,modern
761,csinva,imodels,9,python,modern
762,cuemacro,findatapy,2,python,modern
765,CZ-NIC,python-rt,6,python,modern
767,damnever,pigar,3,python,modern
769,danielfm,pybreaker,3,python,modern
770,Danielhiversen,pyRFXtrx,6,python,modern
771,danielhrisca,asammdf,5,python,modern
772,DannyCork,python-whois,4,python,modern
778,dell,dkms,5,python,modern
780,devsim,devsim,4,python,modern
785,dhatim,python-license-check,5,python,modern
787,dixudx,rtcclient,3,python,modern
789,django-tenants,django-tenants,7,python,modern
791,dm-vdo,vdo,5,python,modern
792,dokku,ansible-dokku,2,python,modern
793,dominodatalab,python-domino,5,python,modern
795,dr-prodigy,python-holidays,8,python,modern
796,DreamSourceLab,DSView,2,python,modern
804,ecederstrand,exchangelib,9,python,modern
809,elastic,eland,4,python,modern
812,emqx,qmqtt,3,python,modern
813,engstk,op6,3,python,modern
816,equinor,pylops,5,python,modern
817,esbmc,esbmc,3,python,modern
819,esheldon,ngmix,4,python,modern
820,esmf-org,esmf,3,python,modern
822,ESSS,conda-devenv,2,python,modern
824,etianen,django-s3-storage,6,python,modern
827,evil-mad,axidraw,9,python,modern
828,EvoluxBR,greenswitch,3,python,modern
831,facebookresearch,fairscale,8,python,modern
835,Fatal1ty,mashumaro,9,python,modern
838,fedora-infra,fedora-messaging,4,python,modern
840,fiaas,k8s,4,python,modern
841,fireeye,flare-floss,2,python,modern
842,frej,fast-export,2,python,modern
843,gantsign,ansible-role-java,7,python,modern
850,GeospatialPython,pyshp,3,python,modern
851,getmail6,getmail6,5,python,modern
852,gijzelaerr,pymonetdb,5,python,modern
854,git.code.sf.net,p_libdwarf,4,python,modern
855,git.zx2c4.com,goldilocks,6,python,modern
857,github,ldap-teamsync,4,python,modern
859,gitlab.com,stavros_python-yeelight,2,python,modern
861,glandium,git-cinnabar,3,python,modern
862,globocom,m3u8,7,python,modern
867,googlefonts,fontmake,7,python,modern
868,googlefonts,glyphsLib,6,python,modern
869,googlefonts,ufo2ft,6,python,modern
870,google,fedjax,6,python,modern
871,google,jax-md,5,python,modern
872,google,neural-tangents,4,python,modern
873,google,nsscache,3,python,modern
874,GrahamDumpleton,mod_wsgi,4,python,modern
875,graknlabs,client-python,8,python,modern
884,H-uru,korman,2,python,modern
886,Hackndo,lsassy,4,python,modern
887,haddocking,pdb-tools,3,python,modern
890,HenriWahl,dhcpy6d,3,python,modern
891,hhatto,autopep8,3,python,modern
892,Hipo,drf-extra-fields,2,python,modern
894,holgern,pyedflib,5,python,modern
895,hynek,structlog,3,python,modern
896,IAMconsortium,pyam,5,python,modern
901,ICB-DCM,pyPESTO,5,python,modern
902,IdentityPython,pysaml2,4,python,modern
903,IEAWindTask37,IEA-15-240-RWT,4,python,modern
906,ikvk,imap_tools,9,python,modern
907,inducer,islpy,5,python,modern
912,inducer,pytools,6,python,modern
914,indygreg,python-build-standalone,9,python,modern
915,infobloxopen,infoblox-client,3,python,modern
917,intelowlproject,pyintelowl,4,python,modern
918,intel,intel-extension-for-pytorch,7,python,modern
920,iqbal-lab,gramtools,2,python,modern
922,iver56,audiomentations,8,python,modern
925,janmojzis,tinyssh,5,python,modern
929,jazzband,django-embed-video,7,python,modern
933,jazzband,prettytable,8,python,modern
935,jcmgray,quimb,3,python,modern
936,jdb78,pytorch-forecasting,4,python,modern
937,jendrikseipp,vulture,3,python,modern
939,JETSCAPE,JETSCAPE,2,python,modern
945,JOJ0,synadm,6,python,modern
947,joowani,python-arango,10,python,modern
949,jrspruitt,ubi_reader,3,python,modern
953,jsvine,pdfplumber,8,python,modern
958,kellerza,pysma,6,python,modern
959,Kinto,kinto-http.py,4,python,modern
960,kmaasrud,oboe,6,python,modern
968,laspy,laspy,5,python,modern
970,learning-at-home,hivemind,6,python,modern
973,linux-system-roles,storage,9,python,modern
974,linuxmint,cinnamon-settings-daemon,4,python,modern
976,linuxmint,xapps,4,python,modern
977,lipoja,URLExtract,3,python,modern
979,Living-with-machines,DeezyMatch,5,python,modern
982,LLNL,sundials,6,python,modern
986,loco-3d,curves,5,python,modern
988,ltworf,localslackirc,3,python,modern
990,lucidrains,deep-daze,2,python,modern
991,LudovicRousseau,PCSC,4,python,modern
993,LuisMayo,objection_engine,8,python,modern
994,luispedro,jug,2,python,modern
997,LumaTeam,Luma3DS,2,python,modern
1001,m3dev,gokart,6,python,modern
1002,macbre,sql-metadata,3,python,modern
1004,MagicStack,immutables,3,python,modern
1005,magmax,python-readchar,7,python,modern
1007,marcomusy,vedo,6,python,modern
1010,matiasb,python-unidiff,4,python,modern
1011,matplotlib,mplfinance,6,python,modern
1013,mavlink,MAVSDK-Python,6,python,modern
1016,Mellanox,libvma,3,python,modern
1017,Mellanox,mstflint,4,python,modern
1020,Mic92,nix-update,6,python,modern
1022,michellab,Sire,3,python,modern
1030,mjpost,sacrebleu,2,python,modern
1034,model-bakers,model_bakery,7,python,modern
1035,modelica,Reference-FMUs,10,python,modern
1036,modelon-community,PyFMI,3,python,modern
1037,molobrakos,volvooncall,2,python,modern
1038,more-itertools,more-itertools,3,python,modern
1041,MozillaSecurity,grizzly,7,python,modern
1042,mozillazg,python-pinyin,4,python,modern
1047,muccc,gr-iridium,3,python,modern
1049,N4S4,synology-api,3,python,modern
1051,nanoporetech,bonito,5,python,modern
1053,nats-io,nats.py,9,python,modern
1054,NaturalHistoryMuseum,ckanext-ldap,8,python,modern
1055,NCAR,geocat-comp,7,python,modern
1056,NCAR,GeoCAT-examples,2,python,modern
1057,NCAR,wrf-python,3,python,modern
1063,NeuralEnsemble,python-neo,2,python,modern
1064,nilzen,xbmc-svtplay,4,python,modern
1067,Noethys,Noethys,9,python,modern
1069,nokia,moler,9,python,modern
1072,ns1,ns1-python,2,python,modern
1078,OCA,openupgradelib,5,python,modern
1081,oncokb,oncokb-annotator,5,python,modern
1084,open-mmlab,OpenSelfSup,9,python,modern
1086,open2c,pairtools,3,python,modern
1087,opengisch,qfieldsync,4,python,modern
1089,openmm,openmmforcefields,3,python,modern
1091,openPMD,openPMD-viewer,2,python,modern
1093,openshift,openshift-client-python,4,python,modern
1094,openwisp,ansible-openwisp2,3,python,modern
1098,osandov,drgn,5,python,modern
1105,PaddlePaddle,X2Paddle,4,python,modern
1106,pallets,cachelib,4,python,modern
1110,pangeo-data,scikit-downscale,2,python,modern
1111,pangeo-forge,pangeo-forge,8,python,modern
1115,pavoni,pywemo,4,python,modern
1116,peopledoc,procrastinate,6,python,modern
1117,pepkit,peppy,7,python,modern
1118,pfnet,pfio,6,python,modern
1119,pfnet,pytorch-pfn-extras,8,python,modern
1121,physics-sp,ikabot,5,python,modern
1123,piclas-framework,piclas,5,python,modern
1130,PolyChord,PolyChordLite,2,python,modern
1132,prkumar,uplink,3,python,modern
1133,Projeto-Jupiter,RocketPy,6,python,modern
1135,PyCQA,doc8,4,python,modern
1146,Pylons,waitress,3,python,modern
1147,pymanopt,pymanopt,3,python,modern
1148,PyO3,setuptools-rust,7,python,modern
1152,pytest-dev,pytest-asyncio,11,python,modern
1154,pytest-dev,pytest-mock,6,python,modern
1156,python-control,Slycot,3,python,modern
1157,python-lz4,python-lz4,3,python,modern
1159,python273,vk_api,2,python,modern
1161,qctrl,python-open-controls,6,python,modern
1166,ramonhagenaars,jsons,3,python,modern
1167,rapidsai,cusignal,6,python,modern
1168,rapidsai,raft,6,python,modern
1169,RaRe-Technologies,smart_open,3,python,modern
1171,ray-project,tune-sklearn,4,python,modern
1173,rcaloras,bashhub-client,2,python,modern
1174,reanahub,reana,8,python,modern
1180,redstreet,fava_investor,7,python,modern
1183,reportportal,client-Python,6,python,modern
1186,RIPE-NCC,ripe-atlas-tools,4,python,modern
1187,riscv-non-isa,riscv-trace-spec,2,python,modern
1188,robertdebock,ansible-role-bootstrap,9,python,modern
1189,robotology,icub-main,7,python,modern
1196,RPi-Distro,python-sense-hat,4,python,modern
1197,rpy2,rpy2,7,python,modern
1199,rsinger86,drf-flex-fields,3,python,modern
1200,rusty1s,pytorch_sparse,3,python,modern
1201,s-knibbs,dataclasses-jsonschema,4,python,modern
1206,salsa.debian.org,science-team_gyoto,9,python,modern
1207,saltstack,salt-bootstrap,5,python,modern
1208,samuelcolvin,arq,3,python,modern
1215,scaleapi,scaleapi-python-client,6,python,modern
1216,scikit-build,cmake-python-distributions,10,python,modern
1221,scoder,lupa,5,python,modern
1222,score-p,scorep_binding_python,6,python,modern
1223,scottbonline,sense,9,python,modern
1224,scrapinghub,shub,4,python,modern
1232,shoyer,h5netcdf,9,python,modern
1235,simple-salesforce,simple-salesforce,5,python,modern
1236,SimpleJWT,django-rest-framework-simplejwt,4,python,modern
1239,sknetwork-team,scikit-network,6,python,modern
1242,snakemake,snakefmt,5,python,modern
1245,sony,nnabla-ext-cuda,7,python,modern
1249,SpenceKonde,megaTinyCore,11,python,modern
1251,spyder-ide,pywinpty,10,python,modern
1252,spyder-ide,spyder-line-profiler,2,python,modern
1253,spyoungtech,ahk,3,python,modern
1254,sqlalchemy,dogpile.cache,4,python,modern
1255,square,pylink,6,python,modern
1256,st-tech,zr-obp,3,python,modern
1258,state-of-the-art,BlendNet,2,python,modern
1259,stefanberger,swtpm,9,python,modern
1261,StephenSorriaux,ansible-kafka-admin,7,python,modern
1264,storpipfugl,pykdtree,4,python,modern
1265,strath-sdr,rfsoc_qpsk,3,python,modern
1266,Stratoscale,skipper,2,python,modern
1269,sumerc,yappi,2,python,modern
1271,sunqm,libcint,5,python,modern
1272,swri-robotics,marti_common,5,python,modern
1278,tbenthompson,cppimport,3,python,modern
1282,tencentyun,cos-python-sdk-v5,6,python,modern
1283,tensorflow,data-validation,6,python,modern
1284,tensorflow,estimator,5,python,modern
1285,tensorflow,metadata,6,python,modern
1286,tensorflow,recommenders,3,python,modern
1287,tensorflow,transform,9,python,modern
1288,the-useless-one,pywerview,2,python,modern
1290,theislab,scib,5,python,modern
1291,therion,therion,6,python,modern
1292,thingsboard,thingsboard-python-client-sdk,2,python,modern
1293,thoth-station,micropipenv,2,python,modern
1294,thumbor,remotecv,6,python,modern
1295,tldmod,tldmod,8,python,modern
1297,toltec-dev,toltec,8,python,modern
1300,trustcrypto,python-onlykey,2,python,modern
1301,tryolabs,norfair,6,python,modern
1303,tulir,mautrix-signal,5,python,modern
1304,TylerYep,torchinfo,7,python,modern
1305,typeddjango,django-stubs,6,python,modern
1306,typeddjango,djangorestframework-stubs,4,python,modern
1307,typeddjango,pytest-mypy-plugins,2,python,modern
1308,ubermag,oommfc,5,python,modern
1309,uber,causalml,5,python,modern
1316,uqfoundation,dill,3,python,modern
1319,uriyyo,fastapi-pagination,4,python,modern
1320,vanvalenlab,deepcell-tf,6,python,modern
1321,vapoursynth,vapoursynth,4,python,modern
1322,vasole,pymca,8,python,modern
1323,vertica,vertica-python,5,python,modern
1325,vgrem,Office365-REST-Python-Client,7,python,modern
1329,vxgmichel,aioconsole,4,python,modern
1330,wagtail,wagtail-factories,4,python,modern
1334,winpython,winpython,8,python,modern
1335,wkentaro,gdown,6,python,modern
1340,WordOps,WordOps,8,python,modern
1343,xtrinch,fcm-django,4,python,modern
1344,xxh,xxh,4,python,modern
1346,yasl-lang,yasl,7,python,modern
1347,yktoo,indicator-sound-switcher,2,python,modern
1348,yoshida-lab,XenonPy,5,python,modern
1354,zephyrproject-rtos,west,3,python,modern
1358,Zolko-123,FreeCAD_Assembly4,2,python,modern
1359,adzerk,adzerk-api,2,ruby,modern
1360,aerospike,aerospike-client-ruby,7,ruby,modern
1363,aws,aws-sdk-ruby-record,2,ruby,modern
1364,balvig,spyke,2,ruby,modern
1365,bigcommerce,gruf,9,ruby,modern
1367,chaps-io,public_activity,3,ruby,modern
1375,dev-sec,cis-dil-benchmark,2,ruby,modern
1379,dry-rb,dry-configurable,6,ruby,modern
1380,dry-rb,dry-container,3,ruby,modern
1390,dry-rb,dry-system,11,ruby,modern
1394,ekyfauzi,numbers_in_words,6,ruby,modern
1397,fastlane,fastlane-plugin-firebase_app_distribution,5,ruby,modern
1398,GeorgeKaraszi,ActiveRecordExtended,4,ruby,modern
1401,gocardless,gocardless-pro-ruby,5,ruby,modern
1407,k1LoW,awspec,7,ruby,modern
1409,karafka,waterdrop,9,ruby,modern
1410,kpumuk,meta-tags,2,ruby,modern
1411,kubo,ruby-oci8,2,ruby,modern
1412,kufu,activerecord-bitemporal,3,ruby,modern
1417,lucascaton,enumerate_it,2,ruby,modern
1418,madeintandem,jsonb_accessor,4,ruby,modern
1419,Mangopay,mangopay2-ruby-sdk,5,ruby,modern
1420,MaximeD,gem_updater,2,ruby,modern
1421,meilisearch,meilisearch-ruby,9,ruby,modern
1425,nviennot,nobrainer,3,ruby,modern
1428,pdfkit,pdfkit,4,ruby,modern
1429,PNixx,clickhouse-activerecord,3,ruby,modern
1431,puppetlabs,vmfloaty,2,ruby,modern
1434,ResultadosDigitais,feature_flagger,2,ruby,modern
1442,ruby,ostruct,3,ruby,modern
1445,sds,haml-lint,6,ruby,modern
1446,sds,mock_redis,5,ruby,modern
1448,Shopify,erb-lint,4,ruby,modern
1449,Shopify,graphql-batch,2,ruby,modern
1450,Shopify,oktakit,4,ruby,modern
1451,Shopify,packwerk,5,ruby,modern
1457,soutaro,steep,5,ruby,modern
1460,spree,deface,2,ruby,modern
1466,uploadcare,uploadcare-ruby,3,ruby,modern
1470,zendesk,active_record_shards,7,ruby,modern
9,apache,incubator-yunikorn-core,3,go,slow
10,apache,skywalking-swck,3,go,slow
11,apenella,go-ansible,3,go,slow
13,aws,amazon-cloudwatch-logs-for-fluent-bit,4,go,slow
15,Azure,azure-event-hubs-go,3,go,slow
19,bradleyfalzon,ghinstallation,2,go,slow
20,briandowns,spinner,2,go,slow
23,bwplotka,bingo,2,go,slow
24,bxcodec,faker,3,go,slow
28,chaosblade-io,chaosblade-operator,3,go,slow
33,container-storage-interface,spec,2,go,slow
34,containerd,cgroups,2,go,slow
37,coreos,fcct,3,go,slow
51,elliotchance,pie,3,go,slow
61,fullstorydev,grpcurl,2,go,slow
71,gomodule,redigo,3,go,slow
72,gonum,plot,2,go,slow
73,GoogleCloudPlatform,functions-framework-go,2,go,slow
82,gruntwork-io,fetch,3,go,slow
85,hajimehoshi,oto,2,go,slow
86,halturin,ergo,4,go,slow
108,inkyblackness,imgui-go,2,go,slow
112,joeig,go-powerdns,4,go,slow
114,joshkunz,ashuffle,3,go,slow
123,ktr0731,go-fuzzyfinder,2,go,slow
129,larrabee,s3sync,3,go,slow
133,lytics,grid,3,go,slow
148,mum4k,termdash,2,go,slow
149,mvdan,gofumpt,3,go,slow
150,nanmu42,etherscan-api,3,go,slow
164,openfaas,golang-http-template,3,go,slow
165,openzipkin,zipkin-go,2,go,slow
166,orcaman,concurrent-map,3,go,slow
167,oschwald,maxminddb-golang,2,go,slow
169,PaesslerAG,gval,2,go,slow
170,palantir,go-baseapp,2,go,slow
173,parallaxsecond,parsec,2,go,slow
175,pebbe,zmq4,2,go,slow
177,plexsystems,sinker,2,go,slow
197,secrethub,secrethub-cli,2,go,slow
198,segmentio,encoding,4,go,slow
206,splunk,splunk-operator,3,go,slow
209,superedge,superedge,2,go,slow
216,tuenti,secrets-manager,3,go,slow
220,uber-go,tally,2,go,slow
224,vertica,vertica-sql-go,2,go,slow
225,vesoft-inc,nebula-go,4,go,slow
229,vito,oci-build-task,2,go,slow
230,vmware-tanzu,velero-plugin-for-vsphere,2,go,slow
236,xhit,go-simple-mail,3,go,slow
244,47degrees,memeid,3,java,slow
248,abel533,Mapper,2,java,slow
252,AEFeinstein,mtg-familiar,2,java,slow
253,aerospike-community,spring-data-aerospike,3,java,slow
255,akamai,AkamaiOPEN-edgegrid-java,2,java,slow
262,apache,maven-javadoc-plugin,3,java,slow
263,apache,maven-release,2,java,slow
271,awslabs,amazon-kinesis-video-streams-producer-sdk-java,2,java,slow
272,AxonFramework,extension-kafka,3,java,slow
280,ben-manes,gradle-versions-plugin,4,java,slow
281,BiglySoftware,BiglyBT,3,java,slow
284,billthefarmer,mididriver,2,java,slow
304,ConnectingEurope,eInvoicing-EN16931,2,java,slow
309,danielwegener,intellij-cucumber-scala,2,java,slow
310,DataDog,java-dogstatsd-client,2,java,slow
313,dCache,nfs4j,2,java,slow
320,dnsjava,dnsjava,3,java,slow
324,dpd85,open-dis-cpp,2,java,slow
330,eclipse,gef,2,java,slow
332,ElectronicChartCentre,java-vector-tile,3,java,slow
343,fkorotkov,intellij-thrift,2,java,slow
349,FXMisc,Flowless,4,java,slow
351,gateship-one,odyssey,2,java,slow
352,gaul,modernizer-maven-plugin,2,java,slow
359,gocd-contrib,gocd-build-status-notifier,3,java,slow
361,googleads,googleads-ima-android,3,java,slow
368,Guardsquare,proguard,4,java,slow
369,guilds-plugin,Guilds,4,java,slow
370,hahaoo7,griefpreventionflags,3,java,slow
381,itext,i7j-pdfhtml,3,java,slow
382,itext,i7j-rups,3,java,slow
385,Javacord,Javacord,4,java,slow
386,JavaNoober,BackgroundLibrary,2,java,slow
387,jboss-logging,jboss-logging,2,java,slow
395,jenkinsci,docker-commons-plugin,3,java,slow
399,jenkinsci,google-storage-plugin,2,java,slow
401,jenkinsci,htmlpublisher-plugin,3,java,slow
408,jenkinsci,parameterized-trigger-plugin,2,java,slow
412,jenkinsci,postbuildscript-plugin,3,java,slow
426,jklingsporn,vertx-jooq,3,java,slow
429,JSQLParser,JSqlParser,2,java,slow
433,kareez,jnbis,4,java,slow
437,Kodehawa,imageboard-api,3,java,slow
441,KyoriPowered,adventure,4,java,slow
445,lightbend,mima,2,java,slow
452,logzio,jmx2graphite,2,java,slow
453,LongDirtyAnimAlf,fpcupdeluxe,4,java,slow
455,magmaOffenburg,RoboViz,2,java,slow
457,mapsforge,mapsforge,2,java,slow
477,nccgroup,LoggerPlusPlus,3,java,slow
478,nebula-plugins,gradle-lint-plugin,4,java,slow
479,nebula-plugins,gradle-ospackage-plugin,3,java,slow
482,nextcloud,passman-android,3,java,slow
485,Nuytemans-Dieter,BetterSleeping,2,java,slow
488,odnoklassniki,one-nio,2,java,slow
491,OpenHFT,Java-Runtime-Compiler,2,java,slow
493,OpenLiberty,liberty-arquillian,3,java,slow
498,osiegmar,FastCSV,2,java,slow
500,ozzi-,JWT4B,3,java,slow
501,pagehelper,Mybatis-PageHelper,2,java,slow
505,palantir,hadoop-crypto,2,java,slow
508,payara,Cloud-Connectors,2,java,slow
514,playframework,netty-reactive-streams,3,java,slow
520,r2dbc,r2dbc-mssql,3,java,slow
533,RedisLabs,spark-redis,2,java,slow
534,reportportal,agent-java-testNG,3,java,slow
537,rsocket,rsocket-java,2,java,slow
542,Shopify,android-testify,3,java,slow
556,spotify,mobius,3,java,slow
576,TWChennai,gocd-git-path-material-plugin,2,java,slow
581,valfirst,jbehave-junit-runner,2,java,slow
585,vasl-developers,vasl,2,java,slow
594,witspirit,IntelliJBehave,2,java,slow
597,wolfSSL,wolfssljni,2,java,slow
601,y20k,trackbook,2,java,slow
606,ZencashOfficial,zencash-swing-wallet-ui,2,java,slow
608,zhkl0228,unidbg,2,java,slow
612,abrt,retrace-server,2,python,slow
639,aertslab,pySCENIC,2,python,slow
651,alicevision,CCTag,2,python,slow
657,ampache,ampache-xbmc-plugin,2,python,slow
658,amzn,ion-python,3,python,slow
664,AntSimi,py-eddy-tracker,2,python,slow
667,aristanetworks,cvprac,2,python,slow
670,astropy,pyvo,3,python,slow
671,astropy,regions,2,python,slow
672,astropy,specreduce,3,python,slow
674,atlas-engineer,nyxt,3,python,slow
684,axkibe,lsyncd,2,python,slow
692,bcgsc,tigmint,2,python,slow
695,benfred,implicit,3,python,slow
700,bitleak,kvrocks,3,python,slow
708,boriel,zxbasic,3,python,slow
710,brianhie,scanorama,2,python,slow
715,CanonicalLtd,netplan,2,python,slow
717,carsonyl,pypac,2,python,slow
718,Catch-up-TV-and-More,plugin.video.catchuptvandmore,2,python,slow
720,cedadev,cis,2,python,slow
726,cfpb,wagtail-sharing,2,python,slow
730,Chilipp,autodocsumm,2,python,slow
733,chris-belcher,electrum-personal-server,2,python,slow
734,CiscoDevNet,ansible-aci,2,python,slow
736,ckan,datapusher,2,python,slow
737,clara-parabricks,rapids-single-cell-examples,2,python,slow
743,cloudtools,awacs,3,python,slow
749,coin3d,pivy,2,python,slow
754,conekta,conekta-python,2,python,slow
757,Corvia,django-tenant-users,3,python,slow
764,cytomine,Cytomine-python-client,3,python,slow
779,dereneaton,ipyrad,3,python,slow
782,dgobbi,vtk-dicom,2,python,slow
783,dgoodwin,tito,3,python,slow
784,dguenms,Dawn-of-Civilization,3,python,slow
786,divio,django-classy-tags,3,python,slow
788,django-money,django-money,2,python,slow
790,djmaze,shepherd,2,python,slow
794,DOV-Vlaanderen,pydov,3,python,slow
799,ds4dm,ecole,2,python,slow
800,duosecurity,duo_client_python,2,python,slow
801,dyninst,dyninst,3,python,slow
810,ElementAI,baal,3,python,slow
811,eliemichel,LilySurfaceScraper,3,python,slow
815,equinor,dlisio,2,python,slow
818,esheldon,fitsio,3,python,slow
821,espressif,esp-hosted,3,python,slow
830,fablabnbg,inkscape-silhouette,2,python,slow
836,fauna,faunadb-python,3,python,slow
837,fdw,rofimoji,4,python,slow
839,FEniCS,ufl,2,python,slow
848,geomet,geomet,2,python,slow
849,geoopt,geoopt,3,python,slow
858,gitlab.com,hoverhell_mcomix,3,python,slow
863,gluster,gstatus,2,python,slow
876,graphql-python,graphene-mongo,2,python,slow
880,gruns,icecream,2,python,slow
882,gtonkinhill,panaroo,2,python,slow
885,h2non,filetype.py,2,python,slow
889,heitzmann,gdspy,2,python,slow
898,IBM,aihwkit,2,python,slow
899,IBM,differential-privacy-library,4,python,slow
904,ifduyue,python-xxhash,2,python,slow
909,inducer,pudb,2,python,slow
910,inducer,pymbolic,2,python,slow
916,inotify-tools,inotify-tools,2,python,slow
921,isce-framework,isce2,2,python,slow
923,jackaudio,jack2,2,python,slow
924,JackDunnNZ,UCIData.jl,3,python,slow
928,jazzband,django-configurations,2,python,slow
934,jborean93,smbprotocol,3,python,slow
941,jgaeddert,liquid-dsp,2,python,slow
942,jgayfer,pydest,2,python,slow
964,kszlim,osu-replay-parser,2,python,slow
965,lae,ansible-role-proxmox,2,python,slow
967,larq,compute-engine,2,python,slow
971,linkedin,shiv,3,python,slow
980,LLNL,magpie,2,python,slow
984,lmcinnes,pynndescent,2,python,slow
985,lob,lob-python,2,python,slow
992,LudovicRousseau,pyscard,3,python,slow
998,LuminosoInsight,wordfreq,2,python,slow
999,lxqt,qtermwidget,2,python,slow
1008,marksweb,django-bleach,3,python,slow
1014,maximdanilchenko,aiochclient,2,python,slow
1023,microsoft,knack,2,python,slow
1024,mideind,ReynirPackage,2,python,slow
1027,MiniZinc,minizinc-python,2,python,slow
1028,miso-belica,sumy,2,python,slow
1033,mljar,mljar-supervised,2,python,slow
1043,mppmu,secdec,4,python,slow
1052,NationalSecurityAgency,qgis-latlontools-plugin,3,python,slow
1058,ndokter,dsmr_parser,3,python,slow
1059,NeoGeographyToolkit,StereoPipeline,3,python,slow
1062,NeuralEnsemble,libNeuroML,2,python,slow
1065,nir0s,distro,2,python,slow
1070,Normaliz,Normaliz,3,python,slow
1073,NsCDE,NsCDE,2,python,slow
1079,OISF,suricata-update,3,python,slow
1080,ol-iver,denonavr,3,python,slow
1082,onnx,onnx-tensorrt,3,python,slow
1092,OpenPrinting,system-config-printer,3,python,slow
1095,openwisp,netjsonconfig,3,python,slow
1099,oskusalerma,trelby,3,python,slow
1112,paterva,maltego-trx,3,python,slow
1114,paulc,dnslib,4,python,slow
1120,phac-nml,staramr,4,python,slow
1122,pibooth,pibooth,2,python,slow
1124,PierreRaybaut,guidata,3,python,slow
1126,pimoroni,inky,2,python,slow
1127,pinterest,pymemcache,3,python,slow
1129,pjedge,longshot,2,python,slow
1139,PydPiper,pylightxl,2,python,slow
1141,PyFR,PyFR,3,python,slow
1142,pygobject,pycairo,3,python,slow
1143,pygraphviz,pygraphviz,2,python,slow
1144,pylast,pylast,3,python,slow
1150,pypa,twine,4,python,slow
1151,PyProphet,pyprophet,2,python,slow
1153,pytest-dev,pytest-bdd,2,python,slow
1155,python-caldav,caldav,3,python,slow
1158,python-windrose,windrose,2,python,slow
1160,pytransitions,transitions,2,python,slow
1162,qubvel,segmentation_models.pytorch,2,python,slow
1163,QuTech-Delft,quantuminspire,2,python,slow
1165,ralphbean,ansi2html,2,python,slow
1170,rauc,rauc-hawkbit-updater,2,python,slow
1172,rbdl,rbdl,2,python,slow
1175,recruit-communications,pyqubo,4,python,slow
1177,redhat-cip,hardware,2,python,slow
1178,RedHatQE,widgetastic.core,2,python,slow
1179,RedisGears,rgsync,2,python,slow
1184,rfrail3,tuptime,3,python,slow
1185,riga,law,3,python,slow
1190,robotools,defcon,2,python,slow
1202,s0faking,plugin.video.orftvthek,4,python,slow
1217,scikit-hep,hist,3,python,slow
1225,sczesla,PyAstronomy,2,python,slow
1226,sdaps,sdaps,2,python,slow
1227,seedofjoy,darq,3,python,slow
1230,Shizmob,pydle,2,python,slow
1231,shlomif,PySolFC,3,python,slow
1243,Snawoot,postfix-mta-sts-resolver,3,python,slow
1244,sncosmo,sncosmo,2,python,slow
1246,spacetelescope,gwcs,2,python,slow
1247,sparta,sparta,2,python,slow
1263,storaged-project,libblockdev,2,python,slow
1268,su2code,TestCases,3,python,slow
1273,synthesio,infra-ovh-ansible-module,3,python,slow
1274,SysBioChalmers,Human-GEM,2,python,slow
1275,systemd,mkosi,2,python,slow
1277,tamland,python-tidal,3,python,slow
1281,TeamSpen210,HammerAddons,2,python,slow
1289,theacodes,nox,3,python,slow
1296,Toblerity,rtree,2,python,slow
1298,TravelModellingGroup,TMGToolbox,2,python,slow
1310,uber,petastorm,3,python,slow
1314,unioslo,zabbix-cli,2,python,slow
1315,upbit,pixivpy,2,python,slow
1317,uqfoundation,mystic,2,python,slow
1324,vesoft-inc,nebula-python,3,python,slow
1327,virt-manager,virt-manager,2,python,slow
1328,vkurup,python-tcxparser,2,python,slow
1331,wannesm,dtaidistance,2,python,slow
1333,wemake-services,wemake-python-styleguide,2,python,slow
1336,wmww,gtk-layer-shell,2,python,slow
1337,woefe,ytcc,3,python,slow
1339,WoLpH,python-progressbar,4,python,slow
1341,xkbcommon,libxkbcommon,2,python,slow
1342,xlcnd,isbnlib,3,python,slow
1345,Xyce,Xyce,2,python,slow
1349,Yubico,yubikey-manager,3,python,slow
1351,zamzterz,Flask-pyoidc,2,python,slow
1355,zerwes,hiyapyco,2,python,slow
1361,anycable,anycable-rails,2,ruby,slow
1376,dev-sec,windows-baseline,2,ruby,slow
1378,dry-rb,dry-auto_inject,3,ruby,slow
1387,dry-rb,dry-rails,2,ruby,slow
1395,erikh,ruby-dbi,4,ruby,slow
1399,GetStream,stream-ruby,2,ruby,slow
1400,github,rubocop-github,4,ruby,slow
1402,gocardless,statesman,2,ruby,slow
1404,holidays,definitions,2,ruby,slow
1405,Homebrew,homebrew-portable-ruby,2,ruby,slow
1416,looker-open-source,gzr,2,ruby,slow
1422,mizzy,specinfra,3,ruby,slow
1424,nning,transmission-rss,2,ruby,slow
1427,okuramasafumi,alba,2,ruby,slow
1430,prontolabs,pronto-rubocop,2,ruby,slow
1432,rails,kredis,3,ruby,slow
1443,salesking,sepa_king,2,ruby,slow
1444,salsify,avromatic,4,ruby,slow
1447,Shopify,deprecation_toolkit,2,ruby,slow
1454,sj26,rspec_junit_formatter,3,ruby,slow
1456,sonatype,chef-nexus-repository-manager,2,ruby,slow
1458,sparklemotion,mechanize,2,ruby,slow
1463,thibaudgg,rb-fsevent,2,ruby,slow
1468,whomwah,rqrcode,2,ruby,slow
